"Senior Secondary Completion and Achievement Information, 2024",,,,,,,,,,,,,,,,,,,,,,,,
,,,,,,,,,,,,,,,,,,,,,,,,
Notes,,,,,,,,,,,,,,,,,,,,,,,,
The SSCAI data is intended to provide information on the programs and pathway options offered at each school.  It is not possible to use the SSCAI to derive state-wide data.,,,,,,,,,,,,,,,,,,,,,,,,
Data is provisional as at 7 December 2024.  The VCAA accepts amendments from schools to 2024 unit results and school-based assessments until late February 2025.,,,,,,,,,,,,,,,,,,,,,,,,
"For schools with fewer than four students in VCE, VET, VPC or HES, the number of students is shown as < 4. The associated measures are listed as I/D (insufficient data).",,,,,,,,,,,,,,,,,,,,,,,,
"© Victorian Curriculum and Assessment Authority, 2024",,,,,,,,,,,,,,,,,,,,,,,,
,,,,,,,,,,,,,,,,,,,,,,,,
,,,,,,,,,,,,,,,,,,,,,,,,
SCHOOL IDENTIFICATION,,,SCHOOL PROGRAM,,,,,,,STUDENT COHORT,,,,,STUDENT ACHIEVEMENT,,,,,,,,,
School,Small School,Locality,"Number of VCE, VCE Vocational Major (VM) studies and VCE VET programs at Units 3 and 4 level with enrolments ",Number of Vocational Education and Training (VET) certificates with enrolments,Number of Higher Education studies (HES) with enrolments,Enrolment(s) in VCE Vocational Major (VM)Êunit(s)_,Enrolment(s) in the Victorian Pathways Certificate (VPC),Enrolment(s) in theÊInternationalÊBaccalaureate (IB) Diploma,Enrolment(s) in NorthernÊHemisphere TimetableÊ(NHT) delivery at Units 3Êand 4 levelÊ_,Number of students enrolled in at least one VCE or VCE Vocational Major (VM) study or VCE VET program at Units 3 and 4 level,Number of students enrolled in a Vocational Education and Training (VET) certificate,Number of students enrolled in an School-based Apprenticeship or Traineeship (SBAT),Number of students enrolled in a Higher Education study (HES),Percentage of VCE students applying for tertiary places through the Victorian Tertiary Admissions Centre (VTAC),Percentage of satisfactory VCE completions,Number of students awarded the VCE Vocational Major (VM),Number of students awarded the VCE (Baccalaureate),Percentage of Vocational Education and Training (VET) units of competency completed,Percentage of Higher Education studies (HES) completed,Median VCE study score,Percentage of study scores of 40 and over,Number of students awarded the Victorian Pathways Certificate (VPC),,
Academy of Mary Immaculate,,FITZROY,34,8,2,,,,,147,20,-,< 4,93,100,-,10,100,I/D,32,11.3,-,,
Adass Israel School,,ELSTERNWICK,8,3,-,Y,,,,36,49,-,-,-,80,12,-,73,-,-,-,-,,
Adass Israel School,*,EAST ST KILDA,2,2,-,,Y,,,19,39,-,-,-,-,-,-,39,-,-,-,-,,
Advance College of Education,*,ROSEBUD WEST,11,16,-,Y,Y,,,15,29,< 4,-,-,77,10,-,81,-,-,-,14,,
Aitken College,,GREENVALE,41,14,-,Y,,,,160,97,-,-,91,99,8,< 4,99,-,28,4.6,-,,
Al Iman College,,MELTON SOUTH,17,-,-,,,,,32,-,-,-,71,100,-,-,-,-,26,0.8,-,,
Al Siraat College,,EPPING,20,7,2,,,,,106,118,-,< 4,98,98,-,-,99,I/D,31,6.8,-,,
Al-Taqwa College,,TRUGANINA,32,12,-,Y,,,,95,30,-,-,95,100,10,-,76,-,34,9.7,-,,
Albert Park College,,ALBERT PARK,61,17,-,Y,Y,Y,,423,49,< 4,-,84,99,7,10,75,-,31,9.0,-,,
Alexandra Secondary College,,ALEXANDRA,19,6,-,Y,,,,87,54,-,-,51,91,5,-,51,-,24,2.6,-,,
Alia College,,HAWTHORN EAST,22,2,-,,,,,22,< 4,-,-,38,81,-,-,I/D,-,24,2.1,-,,
Alice Miller School,,MACEDON,26,9,4,,,,,53,29,-,< 4,77,100,-,< 4,84,I/D,32,12.2,-,,
Alkira Secondary College,,CRANBOURNE NORTH,61,34,-,Y,Y,,,376,176,4,-,67,96,59,< 4,88,-,29,2.8,< 4,,
Alphington Grammar School,,ALPHINGTON,21,-,-,,,,,77,-,-,-,100,100,-,< 4,-,-,30,12.4,-,,
Altona College,,ALTONA,31,15,-,Y,,,,58,46,6,-,41,100,4,-,81,-,26,3.9,-,,
Antonine College,,PASCOE VALE SOUTH,25,12,-,Y,,,,102,72,-,-,75,95,5,< 4,90,-,26,3.3,-,,
Apollo Bay P-12 College,,APOLLO BAY,26,4,-,Y,,,,44,30,< 4,-,64,100,< 4,-,85,-,30,10.7,-,,
Aquinas College,,RINGWOOD,80,39,2,Y,Y,,,383,183,23,< 4,76,99,34,5,71,I/D,29,5.1,< 4,,
Ararat Secondary College,,ARARAT,28,20,-,Y,,,,65,47,< 4,-,30,89,< 4,-,98,-,26,1.2,-,,
Armstrong Creek School,*,ARMSTRONG CREEK,1,1,-,,Y,,,6,6,-,-,-,-,-,-,-,-,-,-,7,,
Ashwood High School,,ASHWOOD,47,22,2,Y,,,,165,44,6,< 4,72,99,18,6,79,I/D,31,8.1,-,,
Assumption College,,KILMORE,74,40,-,Y,Y,,,310,237,19,-,57,100,24,-,82,-,28,2.2,< 4,,
Auburn High School,,HAWTHORN EAST,29,8,-,,,Y,,177,12,-,-,86,99,-,11,94,-,31,8.6,-,,
Australian Internatl Academy,,COBURG,17,-,-,,,Y,,50,-,-,-,91,100,-,-,-,-,20,1.2,-,,
Australian Internatl Academy,,CAROLINE SPRINGS,12,-,-,,,Y,,34,-,-,-,97,100,-,-,-,-,22,4.0,-,,
Ave Maria College,,ABERFELDIE,40,15,-,Y,,,,173,71,< 4,-,98,100,10,4,98,-,31,10.5,-,,
Avila College,,MOUNT WAVERLEY,51,28,2,Y,Y,,,257,84,-,< 4,92,99,10,20,94,I/D,32,11.5,< 4,,
Bacchus Marsh College,,BACCHUS MARSH,46,35,-,Y,,,,175,142,< 4,-,57,97,28,-,71,-,24,0.3,-,,
Bacchus Marsh Grammar,,BACCHUS MARSH,45,4,-,Y,,,,469,76,-,-,88,100,15,13,100,-,32,13.9,-,,
Baimbridge College,,HAMILTON,28,20,-,Y,Y,,,59,73,11,-,30,85,10,-,90,-,26,0.0,-,,
Bairnsdale Secondary College,,BAIRNSDALE,41,28,-,Y,Y,,,176,202,7,-,44,96,26,-,85,-,26,1.1,7,,
Balcombe Grammar School,,MOUNT MARTHA,31,9,2,,,,,171,21,-,< 4,76,100,-,4,100,I/D,30,5.2,-,,
Ballarat Christian College,,SEBASTOPOL,27,21,-,Y,,,,36,40,-,-,63,100,6,-,83,-,25,0.0,-,,
Ballarat Clarendon College,,BALLARAT,37,13,-,,,,Y,255,103,-,-,93,100,-,8,100,-,37,34.7,-,,
Ballarat Grammar,,WENDOUREE,55,20,4,Y,,,,413,132,-,< 4,81,100,13,14,100,I/D,32,11.7,-,,
Ballarat High School,,BALLARAT,59,44,2,Y,Y,,,275,273,14,< 4,50,96,44,-,80,I/D,29,2.2,-,,
Balmoral K-12 Comm College,*,BALMORAL,7,5,-,,,,,4,8,-,-,67,100,-,-,100,-,I/D,I/D,-,,
Balwyn High School,,BALWYN NORTH,62,12,2,Y,,,,608,26,< 4,< 4,92,100,< 4,42,78,I/D,32,14.7,-,,
Bannockburn P-12 College,,BANNOCKBURN,38,24,4,Y,Y,,,89,99,5,< 4,40,95,15,-,86,I/D,23,1.5,< 4,,
Bass Coast College,,WONTHAGGI,58,34,-,Y,,,,270,310,15,-,53,95,29,< 4,64,-,28,3.6,-,,
Bayside Christian College,,LANGWARRIN SOUTH,36,22,-,Y,,,,84,45,< 4,-,53,98,12,-,98,-,30,3.6,-,,
Bayside P-12 College,,NEWPORT,41,21,2,Y,Y,,,139,118,< 4,< 4,59,99,32,< 4,81,I/D,28,2.3,-,,
Bayswater Secondary College,,BAYSWATER,35,27,2,Y,,,,47,70,< 4,< 4,44,93,9,-,53,I/D,26,0.0,-,,
Bayview College,,PORTLAND,28,14,-,Y,Y,,,64,26,-,-,74,100,< 4,< 4,88,-,27,1.4,-,,
Beaconhills College,,BERWICK,34,5,-,,,,,209,191,-,-,83,100,-,16,99,-,31,7.9,-,,
Beaconhills College,,PAKENHAM,46,7,-,,,,,186,11,-,-,70,99,-,7,87,-,29,2.8,-,,
Beaufort Secondary College,,BEAUFORT,26,23,-,Y,Y,,,38,53,< 4,-,32,88,8,-,60,-,27,0.0,< 4,,
Beaumaris Secondary College,,BEAUMARIS,60,22,4,Y,,,,266,42,5,< 4,77,99,10,5,72,I/D,30,5.9,-,,
Beechworth Secondary College,,BEECHWORTH,33,17,2,Y,Y,,,50,37,7,< 4,60,96,-,-,50,I/D,28,6.5,< 4,,
Belgrave Heights Christian Schl,,BELGRAVE HEIGHTS,46,22,4,Y,,,,145,65,5,< 4,78,100,9,< 4,80,I/D,29,2.4,-,,
Bellarine Secondary College,,DRYSDALE,53,33,2,Y,,,,173,170,18,< 4,45,94,28,< 4,67,I/D,28,4.9,-,,
Belmont High School,,BELMONT,58,31,18,Y,Y,,,277,208,4,10,55,97,12,< 4,94,94,29,4.5,< 4,,
Benalla P-12 College,,BENALLA,28,21,2,Y,,,,70,86,13,< 4,41,98,13,-,70,I/D,24,0.8,-,,
Bendigo Senior Sec College,,BENDIGO,86,47,6,Y,Y,,,1114,741,42,4,42,96,47,4,92,100,27,4.6,13,,
Bendigo TAFE,,BENDIGO,7,13,-,Y,Y,,,22,70,-,-,-,50,8,-,74,-,-,-,-,,
Bentleigh Secondary College,,BENTLEIGH EAST,73,30,18,Y,Y,,,253,116,7,11,64,92,16,< 4,74,89,30,5.6,-,,
Berwick Grammar School,,OFFICER,27,4,-,,,,,39,< 4,-,-,90,100,-,< 4,I/D,-,31,9.2,-,,
Berwick Secondary College,,BERWICK,49,28,6,Y,,,,334,136,8,< 4,61,97,36,-,94,I/D,29,2.6,-,,
Beth Rivkah Ladies College,,ST KILDA EAST,18,3,-,Y,,,,61,61,-,-,61,100,7,-,100,-,35,23.5,-,,
Bialik College,,HAWTHORN,37,17,2,,,,,171,98,-,6,99,100,-,10,96,100,36,29.7,-,,
Billanook College,,MOOROOLBARK,44,15,6,,,,,181,53,-,< 4,93,100,-,5,99,I/D,31,7.0,-,,
Bindjiroo Yaluk Community School,*,RICHMOND,12,6,-,Y,,,,12,15,-,-,-,50,< 4,-,21,-,-,-,-,,
Birchip P-12 School,,BIRCHIP,23,11,-,Y,Y,,,39,29,< 4,-,53,100,5,-,100,-,31,10.4,< 4,,
Blackburn High School,,BLACKBURN,67,31,4,Y,,,,284,87,< 4,< 4,78,100,17,11,84,I/D,31,8.1,-,,
Boort District P-12 School,,BOORT,30,14,-,Y,,,,45,24,< 4,-,70,96,4,-,96,-,30,6.2,-,,
Boronia K-12 College,,BORONIA,30,18,2,Y,Y,,,54,44,< 4,< 4,66,92,7,-,73,I/D,27,0.8,< 4,,
Box Hill High School,,BOX HILL,53,26,2,Y,,,,406,57,5,< 4,89,98,10,17,87,I/D,32,11.8,-,,
Box Hill Institute,,BOX HILL,18,20,-,Y,Y,,,101,101,6,-,2,95,52,-,82,-,-,-,8,,
Box Hill Institute - CAE campus,,MELBOURNE,20,1,-,Y,,,,107,< 4,-,-,47,81,-,-,I/D,-,27,3.1,-,,
Box Hill Senior Sec College,,MONT ALBERT NORTH,42,22,-,Y,,,,105,73,4,-,46,97,18,-,67,-,28,0.7,-,,
Braemar College,,WOODEND,46,9,-,,,,,204,50,4,-,83,99,-,8,90,-,32,7.2,-,,
Brauer College,,WARRNAMBOOL,41,33,2,Y,Y,,,205,162,11,< 4,43,96,16,< 4,94,I/D,28,3.7,< 4,,
Braybrook College,,BRAYBROOK,42,14,-,Y,,,,296,323,< 4,-,83,98,42,16,93,-,31,8.1,-,,
Brentwood Secondary College,,GLEN WAVERLEY,74,34,8,Y,,,,436,107,< 4,4,83,100,15,20,87,100,30,5.9,-,,
Bright P-12 College,,BRIGHT,31,16,-,Y,,,,60,49,7,-,44,97,4,< 4,100,-,29,5.1,-,,
Brighton Grammar School,,BRIGHTON,38,9,-,Y,,,,286,15,-,-,93,100,-,24,82,-,35,24.3,-,,
Brighton Secondary College,,BRIGHTON EAST,58,24,-,Y,Y,Y,,241,59,-,-,85,99,4,6,89,-,30,6.3,-,,
Broadford Secondary College,,BROADFORD,53,24,2,Y,Y,,,132,107,13,< 4,54,98,27,< 4,62,I/D,22,0.7,9,,
Brunswick Secondary College,,BRUNSWICK,52,21,2,Y,,,,229,79,< 4,< 4,77,97,14,6,82,I/D,30,8.8,-,,
Buckley Park College,,ESSENDON,50,21,-,Y,,,,197,49,6,-,83,99,8,7,63,-,29,5.7,-,,
Bundoora Secondary College,,BUNDOORA,41,31,4,Y,Y,,,114,112,-,< 4,41,89,9,-,74,I/D,26,1.7,< 4,,
Camberwell Anglican Girls GS,,CANTERBURY,41,4,4,,,,,185,13,-,< 4,100,100,-,28,100,I/D,36,25.2,-,,
Camberwell Grammar School,,CANTERBURY,36,8,2,,,,,331,75,-,11,99,100,-,62,100,100,34,21.3,-,,
Camberwell High School,,CANTERBURY,55,19,4,Y,,,,238,37,< 4,< 4,82,92,10,10,89,I/D,30,8.5,-,,
Camperdown College,,CAMPERDOWN,18,18,-,Y,Y,,,36,28,< 4,-,56,100,6,-,81,-,28,0.0,< 4,,
Cann River P-12 College,*,CANN RIVER,9,3,-,,,,,5,6,-,-,100,100,-,-,92,-,24,0.0,-,,
Canterbury Girls Sec College,,CANTERBURY,47,9,8,,,,,230,15,< 4,4,85,99,-,16,96,88,32,11.7,-,,
Carey Baptist Grammar School,,KEW,50,18,4,,,Y,,327,32,-,< 4,92,100,-,23,96,I/D,33,11.8,-,,
Caroline Chisholm Catholic Coll,,BRAYBROOK,67,36,-,Y,,,,308,244,< 4,-,78,99,37,7,82,-,31,5.5,-,,
Carrum Downs Sec College,,CARRUM DOWNS,43,37,-,Y,Y,,,162,147,25,-,32,94,38,-,91,-,25,0.8,4,,
Carwatha College P-12,,NOBLE PARK NORTH,44,23,-,Y,,,,128,54,5,-,65,91,4,< 4,68,-,27,0.5,-,,
Casey Grammar School,,CRANBOURNE,37,14,2,,,,,175,31,-,< 4,87,99,-,6,92,I/D,30,6.2,-,,
Casterton Secondary College,*,CASTERTON,19,8,2,Y,Y,,,10,14,< 4,< 4,56,100,< 4,-,100,I/D,28,0.0,< 4,,
Castlemaine Secondary College,,CASTLEMAINE,48,19,2,Y,Y,,,154,114,7,< 4,46,93,4,< 4,59,I/D,26,2.1,< 4,,
Cathedral College,,WANGARATTA,48,30,-,,,,,137,116,24,-,64,100,-,4,84,-,29,4.5,-,,
Catherine McAuley College,,BENDIGO,50,25,4,Y,Y,,,353,269,10,< 4,72,98,21,< 4,85,I/D,28,5.3,< 4,,
Catholic College Sale,,SALE,34,17,2,Y,Y,,,227,194,4,< 4,58,100,14,-,93,I/D,29,7.0,< 4,,
Catholic College Wodonga,,WODONGA,45,14,4,Y,Y,,,253,178,-,< 4,64,100,19,< 4,87,I/D,28,3.8,< 4,,
Catholic Ladies College,,ELTHAM,52,24,-,Y,,,,207,114,< 4,-,92,100,6,5,94,-,32,11.0,-,,
Catholic Regional College,*,CAROLINE SPRINGS,4,10,-,,,,,17,50,-,-,-,-,-,-,98,-,-,-,-,,
Catholic Regional College,*,KEILOR NORTH,4,10,-,,,,,12,27,-,-,-,-,-,-,85,-,-,-,-,,
Catholic Regional College,*,ST ALBANS,2,5,-,,,,,< 4,5,-,-,I/D,I/D,-,-,84,-,I/D,I/D,-,,
Catholic Regional College,,SYDENHAM,77,35,6,Y,Y,,,711,487,-,< 4,75,99,45,< 4,88,I/D,28,2.7,9,,
Caulfield Grammar School,,WHEELERS HILL,49,15,2,,,,Y,307,205,< 4,< 4,96,100,-,30,92,I/D,33,17.2,-,,
Caulfield Grammar School,,ST KILDA EAST,52,17,6,,,,Y,446,291,-,4,96,100,-,11,95,83,34,21.7,-,,
Chaffey Secondary College,*,MILDURA,1,6,-,,,,,< 4,10,-,-,I/D,I/D,-,-,83,-,I/D,I/D,-,,
Chairo Christian School,,DROUIN,39,21,-,Y,,,,80,29,5,-,65,98,5,< 4,99,-,31,4.8,-,,
Chairo Christian School,*,LEONGATHA,4,3,-,,,,,10,10,-,-,-,-,-,-,86,-,I/D,I/D,-,,
Chairo Christian School,,NAR NAR GOON,36,21,12,Y,,,,94,26,< 4,9,69,98,9,-,98,100,28,4.8,-,,
Charles La Trobe P-12 College,,PRESTON,9,19,-,Y,Y,,,42,88,9,-,18,68,15,-,47,-,-,-,5,,
Charles La Trobe P-12 College,,MACLEOD WEST,30,25,-,Y,Y,,,62,68,-,-,91,91,9,< 4,78,-,24,0.0,< 4,,
Charlton College,,CHARLTON,33,17,-,Y,,,,28,23,< 4,-,56,94,6,-,49,-,30,1.6,-,,
Cheltenham Secondary College,,CHELTENHAM,62,26,2,Y,Y,,,230,57,< 4,< 4,74,99,16,9,74,I/D,28,2.1,-,,
Chisholm Institute,,FRANKSTON,26,27,-,Y,,,,63,57,-,-,32,96,23,-,84,-,24,0.0,-,,
Chisholm Institute of TAFE,,DANDENONG,30,21,-,Y,,,,152,79,< 4,-,39,88,39,-,86,-,21,0.3,-,,
Christian College Institute,,WAURN PONDS,65,26,4,Y,,,,278,93,< 4,< 4,76,98,14,< 4,99,I/D,29,5.1,-,,
Heatherton Christian College,,CLARINDA,23,7,-,,,,,53,37,-,-,60,100,-,-,99,-,28,7.8,-,,
Cire Community School,,LILYDALE,22,32,-,Y,Y,,,155,160,< 4,-,2,16,21,-,61,-,-,-,6,,
Clonard College,,HERNE HILL,54,28,6,Y,Y,,,224,99,< 4,< 4,69,100,21,< 4,88,I/D,29,5.4,< 4,,
Cobden Technical School,*,COBDEN,14,12,-,Y,Y,,,17,20,< 4,-,20,100,5,-,77,-,24,0.0,-,,
Cobram Anglican Grammar School,,COBRAM,25,17,-,,,,,37,47,< 4,-,63,100,-,< 4,83,-,26,1.1,-,,
Cobram Secondary College,,COBRAM,39,24,-,Y,Y,,,62,94,10,-,43,98,8,-,69,-,24,0.9,-,,
Coburg High School,,COBURG,61,22,2,Y,,,,266,80,< 4,< 4,83,99,13,7,78,I/D,30,8.0,-,,
Cohuna Secondary College,,COHUNA,19,13,-,Y,,,,41,22,6,-,67,100,< 4,-,82,-,28,4.2,-,,
Colac Secondary College,,COLAC,29,21,-,Y,Y,,,79,57,15,-,33,93,9,-,79,-,23,0.0,-,,
Collingwood College,,FITZROY NORTH,54,19,-,Y,Y,,,99,62,-,-,64,86,6,4,57,-,28,4.0,4,,
Community College Gippsland,,WARRAGUL,15,23,-,Y,Y,,,66,144,15,-,-,51,17,-,71,-,-,-,7,,
Copperfield College,,DELAHEY,63,34,9,Y,Y,,,395,341,< 4,11,63,92,51,5,76,100,27,2.1,-,,
Cornish College,,BANGHOLME,38,11,2,,,,,145,23,-,< 4,92,100,-,6,96,I/D,30,6.8,-,,
Corryong College,,CORRYONG,28,14,2,Y,Y,,,32,41,9,< 4,27,100,11,-,73,I/D,31,5.6,< 4,,
Covenant College,,BELL POST HILL,36,18,2,Y,,,,96,30,< 4,< 4,70,100,9,< 4,92,I/D,29,3.0,-,,
Craigieburn Secondary College,,CRAIGIEBURN,35,9,-,Y,,,,283,159,-,-,76,96,33,< 4,82,-,21,0.7,-,,
Cranbourne East Sec College,,CRANBOURNE EAST,62,43,-,Y,Y,,,404,404,5,-,61,97,117,< 4,81,-,30,3.5,13,,
Cranbourne Secondary College,,CRANBOURNE,54,31,-,Y,,,,304,255,< 4,-,67,97,68,-,87,-,24,0.3,-,,
Croydon Community School,*,CROYDON,11,15,-,Y,Y,,,18,28,< 4,-,9,82,9,-,87,-,-,-,< 4,,
Damascus College,,MOUNT CLEAR,58,39,-,Y,Y,,Y,232,238,< 4,-,64,99,28,< 4,81,-,29,3.7,-,,
Dandenong High School,,DANDENONG,60,21,-,Y,Y,,,313,113,< 4,-,73,95,27,5,77,-,25,1.7,12,,
Darul Ulum College of Victoria,,FAWKNER,17,1,-,,,,,148,65,-,-,59,100,-,-,100,-,31,7.3,-,,
Daylesford Secondary College,,DAYLESFORD,37,14,-,Y,Y,,,87,61,4,-,49,97,13,< 4,83,-,29,3.5,< 4,,
De La Salle College,,MALVERN,46,16,-,Y,,,,184,68,< 4,-,80,100,14,11,96,-,30,5.0,-,,
Derrinallum P12 College,*,DERRINALLUM,8,3,-,Y,Y,,,6,5,-,-,-,100,< 4,-,95,-,I/D,I/D,-,,
Diamond Valley College,,DIAMOND CREEK,52,35,2,Y,,,,133,126,4,< 4,56,100,18,-,76,I/D,25,0.7,-,,
Dimboola Memorial Sec College,,DIMBOOLA,19,12,-,Y,Y,,,25,20,< 4,-,46,91,< 4,-,92,-,29,5.1,< 4,,
Divrei Emineh,*,ORMOND,7,2,-,Y,,,,16,16,-,-,-,100,9,-,60,-,-,-,-,,
Djerriwarrh Community College,*,MELTON,5,12,-,Y,Y,,,12,32,-,-,9,91,8,-,70,-,-,-,8,,
Donald High School,,DONALD,24,11,2,Y,Y,,,32,23,-,< 4,64,100,5,-,62,I/D,29,8.3,-,,
Doncaster Secondary College,,DONCASTER,59,32,8,Y,,,,263,95,9,4,74,98,7,17,97,75,32,13.0,-,,
Donvale Christian College,,DONVALE,56,26,8,,,,,248,69,< 4,5,86,99,-,7,98,75,33,10.7,-,,
Dromana Secondary College,,DROMANA,56,40,5,Y,,,,390,272,12,4,58,100,53,4,100,80,32,8.7,-,,
Drouin Secondary College,,DROUIN,50,45,6,Y,Y,,,207,174,24,< 4,43,98,34,< 4,100,I/D,25,1.1,< 4,,
Eaglehawk Secondary College,*,EAGLEHAWK,1,2,-,,,,,15,28,-,-,-,-,-,-,69,-,-,-,-,,
East Doncaster Sec College,,DONCASTER EAST,60,29,-,Y,Y,,,355,67,5,-,94,99,4,22,75,-,32,12.9,< 4,,
East Loddon P-12 College,,DINGEE,32,13,-,Y,,,,28,21,4,-,65,88,< 4,-,64,-,28,1.7,-,,
East Preston Islamic College,,PRESTON,9,1,-,,,,,23,9,-,-,33,83,-,-,100,-,21,0.0,-,,
Echuca College,,ECHUCA,43,26,-,Y,,,,130,166,8,-,51,99,7,-,78,-,24,0.7,-,,
Edenhope College,*,EDENHOPE,18,9,-,Y,Y,,,11,11,-,-,33,100,< 4,-,83,-,25,0.0,< 4,,
Edgars Creek Secondary College,,WOLLERT,38,29,4,Y,Y,,,189,123,-,< 4,61,88,26,< 4,67,I/D,26,1.0,< 4,,
Edinburgh College,,LILYDALE,21,7,-,,,,,54,40,-,-,68,100,-,< 4,87,-,28,1.0,-,,
Elevation Secondary College,,CRAIGIEBURN,9,18,-,,,,,55,100,4,-,-,-,-,-,66,-,30,9.4,-,,
Elisabeth Murdoch College,,LANGWARRIN,86,59,8,Y,Y,,,377,504,31,7,40,100,76,-,88,100,31,10.8,-,,
Eltham College,,RESEARCH,42,15,6,,,,,124,91,-,< 4,92,100,-,< 4,99,I/D,31,9.0,-,,
Eltham High School,,ELTHAM,64,27,10,Y,Y,,,343,99,-,5,66,99,4,10,84,100,29,5.3,< 4,,
Elwood College,,ELWOOD,55,20,6,,Y,,,193,35,-,4,70,99,< 4,8,88,100,31,9.3,-,,
Emerald Secondary College,,EMERALD,38,20,6,Y,Y,,,122,64,< 4,< 4,52,100,16,-,90,I/D,28,1.6,< 4,,
Emmanuel College,,ALTONA NORTH,67,33,2,Y,Y,,,464,341,6,< 4,74,99,50,7,97,I/D,28,4.6,< 4,,
Emmanuel College,,WARRNAMBOOL,55,31,2,Y,Y,,,244,175,15,< 4,69,98,26,5,88,I/D,30,6.4,< 4,,
Emmaus College,,VERMONT SOUTH,61,40,2,Y,,,,308,226,19,< 4,73,100,28,6,84,I/D,31,9.8,-,,
Epping Secondary College,,EPPING,51,28,-,Y,Y,,,252,184,-,-,62,98,53,-,83,-,28,5.2,17,,
Essendon Keilor College,,ESSENDON,32,25,-,Y,Y,,,132,96,9,-,65,97,35,< 4,71,-,26,2.3,< 4,,
Euroa Secondary College,,EUROA,36,29,-,Y,,,,95,106,6,-,39,90,9,-,82,-,26,2.8,-,,
F.C.J. College,,BENALLA,50,21,2,Y,Y,,,102,80,10,< 4,52,100,10,< 4,48,I/D,28,1.1,-,,
Fairhills High School,,KNOXFIELD,36,25,4,Y,,,,70,63,5,< 4,56,93,14,< 4,89,I/D,26,0.0,-,,
Federation University Australia,,BALLARAT,11,16,-,Y,Y,,,22,29,< 4,-,-,88,13,-,68,-,-,-,-,,
Fintona Girls School,,BALWYN,31,5,-,,,,,99,5,-,-,96,100,-,24,68,-,36,26.4,-,,
Firbank Grammar School,,BRIGHTON,37,9,-,,,,,213,17,-,-,100,100,-,17,100,-,34,19.2,-,,
Fitzroy High School,,FITZROY NORTH,56,27,2,Y,Y,,,130,58,4,< 4,74,93,6,-,62,I/D,28,3.7,< 4,,
Flinders Christian Comm College,,TYABB,45,22,-,Y,,,,77,48,< 4,-,76,100,5,-,92,-,29,2.3,-,,
Flinders Christian Comm College,,CARRUM DOWNS,44,21,-,Y,,,,109,28,6,-,74,100,7,-,93,-,29,4.6,-,,
Footscray High School,,FOOTSCRAY,49,17,-,Y,,,,278,127,< 4,-,70,99,17,4,67,-,29,4.2,-,,
Forest Hill College,,BURWOOD EAST,44,20,2,Y,,,,133,83,-,< 4,58,94,15,-,87,I/D,29,2.1,-,,
Foster Secondary College,,FOSTER,36,24,-,Y,,,,54,59,14,-,45,90,7,-,64,-,30,3.0,-,,
Foundation College,,NARRE WARREN,10,14,-,Y,Y,,,23,46,-,-,-,100,11,-,49,-,-,-,10,,
Foundation College,*,FRANKSTON,5,10,-,Y,Y,,,4,24,-,-,100,100,< 4,-,45,-,-,-,< 4,,
Foundation Learning Centre,*,NARRE WARREN,4,2,-,Y,,,,6,14,-,-,-,50,< 4,-,22,-,-,-,-,,
Fountain Gate Sec College,,FOUNTAIN GATE,56,39,-,Y,,,,306,337,5,-,55,97,60,-,85,-,28,1.8,-,,
Frankston High School,,FRANKSTON,80,35,2,Y,Y,,,490,212,5,< 4,69,99,16,14,84,I/D,31,9.6,-,,
Galen College,,WANGARATTA,44,26,-,Y,,,,232,207,17,-,57,98,26,< 4,92,-,28,3.5,-,,
Geelong Baptist College,,LOVELY BANKS,33,16,-,Y,,,,53,19,< 4,-,44,87,< 4,-,98,-,24,2.5,-,,
Geelong Grammar School,,CORIO,45,10,16,Y,,Y,,242,44,-,8,85,99,6,9,99,94,32,8.7,-,,
Geelong High School,,EAST GEELONG,46,25,6,Y,,,,160,109,< 4,< 4,44,99,7,-,88,I/D,27,5.1,-,,
Geelong Lutheran College,,ARMSTRONG CREEK,43,19,2,Y,Y,,,119,36,4,< 4,61,100,10,< 4,75,I/D,30,6.2,-,,
Genazzano F.C.J. College,,KEW,41,8,4,,,,,190,20,-,< 4,100,100,< 4,15,97,I/D,34,19.6,-,,
Gilson College,,TAYLORS HILL,37,8,-,Y,Y,,,108,108,-,-,79,100,7,< 4,96,-,27,2.9,-,,
Gippsland Grammar,,SALE,42,15,2,,,,,140,69,-,< 4,78,99,-,5,95,I/D,31,9.8,-,,
Girton Grammar School,,BENDIGO,44,8,2,Y,Y,,,186,16,-,< 4,80,100,4,5,80,I/D,31,9.4,< 4,,
Gisborne Secondary College,,GISBORNE,68,41,2,Y,Y,,,215,248,20,< 4,49,100,45,< 4,61,I/D,27,0.8,< 4,,
Gladstone Park Sec College,,GLADSTONE PARK,53,25,-,Y,,,,309,163,< 4,-,71,97,26,-,68,-,27,3.9,-,,
Glen Eira College,,CAULFIELD EAST,50,25,4,Y,,,,159,63,-,< 4,79,98,8,8,86,I/D,31,6.5,-,,
Glen Waverley Sec College,,GLEN WAVERLEY,71,25,4,Y,,,,650,52,-,< 4,96,100,4,67,85,I/D,33,14.1,-,,
Gleneagles Secondary College,,ENDEAVOUR HILLS,66,30,7,Y,Y,,,377,151,6,5,68,99,40,< 4,97,100,29,3.2,< 4,,
Glenroy Secondary College,,GLENROY,29,14,-,Y,Y,,,77,45,< 4,-,51,100,11,-,55,-,19,0.0,-,,
Glenroy Private,*,GLENROY,8,-,-,,,,,9,-,-,-,100,100,-,-,-,-,23,0.0,-,,
Good News Lutheran College,,TARNEIT,36,13,4,Y,,,,132,23,-,4,99,99,-,4,97,100,31,7.4,-,,
Good Shepherd College,,HAMILTON,19,10,-,Y,,,,29,20,8,-,47,88,4,-,87,-,24,0.0,-,,
Gordon Institute of TAFE,,GEELONG,21,22,-,Y,Y,,,58,52,< 4,-,33,92,9,-,93,-,24,1.6,< 4,,
Goulburn Ovens Inst of TAFE,*,SHEPPARTON,7,5,-,Y,Y,,,13,15,-,-,-,69,< 4,-,77,-,-,-,10,,
Goulburn Valley Grammar Schl,,SHEPPARTON,27,4,-,,,,,138,5,< 4,-,96,100,-,9,47,-,34,17.9,-,,
Grace Christian College Wodonga,*,LENEVA,11,8,-,Y,Y,Y,,11,15,-,-,27,100,5,-,91,-,-,-,-,,
Greater Shepparton Sec College,,SHEPPARTON,72,51,2,Y,Y,,,329,404,26,< 4,49,92,51,-,71,I/D,23,1.3,10,,
Greensborough Sec College,,GREENSBOROUGH,33,14,-,Y,,,,106,88,< 4,-,62,95,17,-,66,-,27,2.9,-,,
Grovedale College,,GROVEDALE,41,23,-,Y,Y,,,136,105,8,-,49,98,21,-,91,-,25,1.1,< 4,,
Haileybury - Pangea Campus,,KEYSBOROUGH,22,1,8,,,,,54,< 4,-,4,83,100,-,< 4,I/D,100,32,18.4,-,,
Haileybury College,,KEYSBOROUGH,50,4,2,,,,Y,576,18,-,< 4,94,100,-,47,93,I/D,36,26.3,-,,
Haileybury Girls College,,KEYSBOROUGH,52,7,2,,,,Y,434,29,-,< 4,98,100,-,53,90,I/D,36,29.9,-,,
Haileybury Rendall School,,BERRIMAH,36,11,-,Y,Y,,,106,39,-,-,55,98,5,< 4,80,-,31,11.0,8,,
Hallam Senior Sec College,,HALLAM,45,27,-,Y,Y,,,185,135,5,-,31,92,25,-,53,-,25,0.6,< 4,,
Hampton Park Sec College,,HAMPTON PARK,51,35,-,Y,Y,,,226,196,22,-,50,95,57,-,67,-,29,1.8,14,,
Hawkesdale College,,HAWKESDALE,16,12,-,,Y,,,24,18,< 4,-,38,100,-,-,97,-,28,0.0,< 4,,
Hazel Glen College,,DOREEN,47,39,2,Y,Y,,,285,286,< 4,< 4,58,99,43,-,91,I/D,26,2.7,-,,
Healesville High School,,HEALESVILLE,33,21,-,Y,,,,67,47,< 4,-,62,88,4,-,87,-,27,1.6,-,,
Heathdale Christian College,,WERRIBEE,45,15,-,Y,,,,164,125,-,-,96,100,8,11,92,-,30,5.6,-,,
Heathmont College,,HEATHMONT,53,32,-,Y,,,,165,84,20,-,49,98,13,4,80,-,25,0.7,-,,
Heritage College,,OFFICER,20,9,-,Y,,,,31,14,-,-,80,96,< 4,-,95,-,27,0.9,-,,
Hester Hornbrook Academy,,SOUTH MELBOURNE,9,23,-,Y,Y,,,44,244,< 4,-,14,30,11,-,34,-,-,-,14,,
Heywood & District Sec College,*,HEYWOOD,21,11,-,Y,Y,,,16,17,< 4,-,-,89,< 4,-,100,-,26,0.0,< 4,,
Highvale Secondary College,,GLEN WAVERLEY,48,23,-,,,,,234,38,-,-,86,98,-,9,81,-,29,7.3,-,,
Highview Christian Comm College,,MARYBOROUGH,30,13,-,Y,,,,69,44,6,-,52,100,12,-,96,-,26,5.5,-,,
Hillcrest Christian College,,CLYDE NORTH,46,23,-,Y,,,,137,53,< 4,-,86,100,5,5,79,-,29,3.4,-,,
Holmes Grammar School,,MELBOURNE,16,1,-,Y,,,,25,10,-,-,39,96,9,-,90,-,28,0.0,-,,
Holmesglen Institute,,MOORABBIN,14,28,-,Y,Y,,,58,154,< 4,-,5,80,32,-,77,-,-,-,16,,
Holy Trinity Lutheran College,,HORSHAM,30,15,-,Y,,,,54,21,4,-,64,100,4,-,98,-,30,8.8,-,,
Homestead Senior Sec College,,POINT COOK,33,24,-,Y,,,,138,39,-,-,72,99,11,< 4,97,-,27,2.9,-,,
Hopetoun P-12 College,*,HOPETOUN,16,11,-,Y,Y,,,15,10,< 4,-,-,100,< 4,-,92,-,27,0.0,< 4,,
Hoppers Crossing Sec College,,HOPPERS CROSSING,51,28,18,Y,,,,225,119,7,13,67,97,20,< 4,82,89,28,2.0,-,,
Horsham College,,HORSHAM,52,38,-,Y,Y,,,199,178,19,-,38,93,23,< 4,96,-,29,5.2,< 4,,
Hume Anglican Grammar,,MICKLEHAM,34,4,-,,,,,166,6,-,-,92,100,-,7,95,-,30,9.4,-,,
Hume Central Sec College,,BROADMEADOWS,40,25,2,Y,Y,,,193,165,22,< 4,78,100,26,-,84,I/D,27,1.9,15,,
Huntingtower School,,MOUNT WAVERLEY,34,3,-,,,,,182,34,-,-,99,100,-,21,100,-,37,31.7,-,,
Ignatius Learning Centre,,RICHMOND,-,3,-,,Y,,,-,13,-,-,-,-,-,-,-,-,-,-,4,,
Ilim College,,BROADMEADOWS,20,-,-,,,,,116,-,-,-,94,100,-,-,-,-,27,5.2,-,,
Ilim College Kiewa Campus,,DALLAS,20,7,-,,,,,124,8,-,-,82,100,-,-,73,-,27,4.5,-,,
Ilim College,*,DOVETON,7,-,-,,,,,12,-,-,-,100,100,-,-,-,-,32,3.6,-,,
Indie School Wodonga,,WODONGA,24,40,-,Y,Y,,,202,1442,< 4,-,2,80,108,-,36,-,I/D,I/D,< 4,,
Iona College Geelong,,CHARLEMONT,11,29,-,,,,,65,75,8,-,-,-,-,-,93,-,33,6.1,-,,
Irymple Secondary College,*,IRYMPLE,1,10,-,,,,,7,33,-,-,-,-,-,-,92,-,-,-,-,,
Islamic College of Melbourne,,TARNEIT,21,10,-,,,Y,,153,227,-,-,100,100,-,-,99,-,31,12.7,-,,
Ivanhoe Girls' Grammar School,,IVANHOE,39,3,-,,,,,230,56,-,-,99,100,-,14,86,-,35,21.2,-,,
Ivanhoe Grammar School,,IVANHOE,34,2,2,,,Y,,275,< 4,-,< 4,95,100,-,8,I/D,I/D,34,17.8,-,,
Ivanhoe Grammar School,,MERNDA,30,9,-,,,,,121,11,-,-,92,100,-,10,92,-,33,16.0,-,,
John Fawkner College,,FAWKNER,21,11,-,Y,,,,43,32,< 4,-,28,59,-,-,48,-,20,2.3,-,,
John Monash Science School,,CLAYTON,45,8,10,,,,,442,12,-,13,99,100,-,46,100,100,36,22.5,-,,
John Paul College,,FRANKSTON,44,34,2,Y,,,,214,116,< 4,< 4,67,96,28,-,80,I/D,28,4.6,-,,
Wyndham Comm & Educ Centre,*,WERRIBEE,7,5,-,Y,Y,,,10,31,-,-,-,88,7,-,89,-,-,-,7,,
Kambrya College,,BERWICK,63,37,4,Y,Y,,,355,291,4,< 4,66,99,65,7,85,I/D,31,5.6,< 4,,
Kaniva P-12 College,*,KANIVA,18,10,2,Y,Y,,,13,19,< 4,< 4,38,100,< 4,-,100,I/D,24,0.0,-,,
Kardinia Internatl College,,BELL POST HILL,50,22,7,,,Y,,330,61,-,5,89,100,-,19,100,100,32,12.6,-,,
Keilor Downs College,,KEILOR DOWNS,69,37,-,Y,Y,,,275,199,11,-,82,96,35,19,71,-,30,5.2,-,,
Kensington Comm High School,,KENSINGTON,11,10,-,Y,Y,,,31,45,< 4,-,-,82,5,-,13,-,-,-,-,,
Kerang Christian College,*,KERANG,9,-,-,,,,,18,-,-,-,60,100,-,-,-,-,29,15.9,-,,
Kerang Technical High School,,KERANG,26,15,2,,Y,,,36,45,8,< 4,41,100,-,-,65,I/D,26,2.6,-,,
Kew High School,,KEW EAST,55,24,4,Y,,,,285,81,< 4,< 4,95,100,15,12,95,I/D,30,7.1,-,,
Keysborough SC - Acacia,,KEYSBOROUGH,56,30,11,Y,,,,180,76,7,6,76,99,16,< 4,74,91,28,2.6,-,,
Keysborough SC - Banksia,,SPRINGVALE SOUTH,49,25,-,Y,Y,,,184,84,< 4,-,73,100,7,4,70,-,26,2.3,5,,
Kilbreda College,,MENTONE,47,24,-,Y,,,,211,88,-,-,82,100,21,< 4,94,-,32,10.3,-,,
Killester College,,SPRINGVALE,43,9,2,Y,Y,,,190,67,-,< 4,96,100,4,< 4,97,I/D,30,5.3,4,,
Kilvington Grammar School,,ORMOND,38,7,2,,,,,159,9,-,< 4,99,100,-,16,100,I/D,33,18.3,-,,
Kings College,,WARRNAMBOOL,18,8,-,,,,,30,14,-,-,44,100,-,-,88,-,29,6.1,-,,
Kingswood College,,BOX HILL,42,16,-,,,,,108,62,-,-,92,100,-,7,88,-,32,11.8,-,,
Kolbe Catholic College,,GREENVALE,45,21,2,Y,Y,,,250,312,< 4,< 4,81,100,23,< 4,83,I/D,27,4.8,< 4,,
Koo Wee Rup Sec College,,KOO WEE RUP,46,27,-,Y,,,,184,137,17,-,59,99,38,-,82,-,27,3.2,-,,
Koonung Secondary College,,MONT ALBERT NORTH,58,30,4,Y,Y,,,261,69,-,< 4,84,97,12,23,84,I/D,32,9.8,< 4,,
Korowa Anglican Girls' School,,GLEN IRIS,36,10,2,,,,,170,18,-,< 4,100,100,-,35,72,I/D,35,21.2,-,,
Korumburra Sec College,,KORUMBURRA,33,18,-,Y,,,,64,49,< 4,-,41,97,10,-,99,-,25,0.7,-,,
Kurnai College,,CHURCHILL,56,35,-,Y,Y,,,183,222,7,-,40,98,30,-,68,-,24,0.8,9,,
Kurunjang Secondary College,,MELTON,37,23,-,Y,Y,,,130,94,7,-,61,98,25,-,86,-,24,2.3,7,,
Kyabram P-12 College,,KYABRAM,36,26,2,Y,,,,81,93,5,< 4,36,98,9,-,98,I/D,23,0.0,-,,
Kyneton Secondary College,,KYNETON,26,20,-,Y,Y,,,113,124,12,-,46,100,12,< 4,100,-,27,1.3,< 4,,
Lakes Entrance Sec College,*,LAKES ENTRANCE,15,13,-,Y,,,,18,28,< 4,-,15,90,10,-,100,-,27,0.0,-,,
Lakeside Lutheran College,,PAKENHAM,20,4,-,,,,,35,4,-,-,87,100,-,< 4,69,-,25,0.9,-,,
Lakeview Senior College,,CAROLINE SPRINGS,66,35,-,Y,Y,,,360,205,83,-,68,97,52,< 4,76,-,27,2.3,-,,
Lalor North Sec College,,EPPING,34,27,-,Y,,,,61,66,< 4,-,59,89,11,< 4,55,-,23,0.0,-,,
Lalor Secondary College,,LALOR,50,25,-,Y,,,,185,107,< 4,-,69,98,28,< 4,73,-,26,2.3,-,,
Lara Secondary College,,LARA,32,26,-,Y,,,,95,99,4,-,25,92,16,-,40,-,25,1.5,-,,
Lauriston Girls School,,ARMADALE,33,5,2,,,Y,,153,5,-,4,100,100,-,16,74,100,35,20.3,-,,
Lavalla Catholic College,,TRARALGON,50,23,-,Y,Y,,,220,117,-,-,70,100,17,< 4,84,-,30,4.4,9,,
Lavers Hill K-12 College,*,LAVERS HILL,4,7,-,,Y,,,4,13,-,-,-,-,-,-,83,-,I/D,I/D,4,,
Laverton P-12 College,,LAVERTON,28,15,-,Y,,,,54,49,-,-,84,100,12,< 4,84,-,24,3.7,-,,
Leibler Yavneh College,,ELSTERNWICK,29,5,-,Y,,,,124,97,-,-,96,100,-,< 4,100,-,35,23.6,-,,
Leongatha Secondary College,,LEONGATHA,45,29,-,Y,,,,129,109,8,-,60,99,28,-,79,-,29,1.0,-,,
Lighthouse Christian College,,KEYSBOROUGH,32,10,-,Y,,,,67,18,-,-,88,100,5,-,95,-,30,3.2,-,,
Lighthouse Christian College,,CRANBOURNE,18,2,-,,,,,121,< 4,-,-,86,100,-,< 4,I/D,-,30,7.7,-,,
Lilydale Heights College,,LILYDALE,46,25,2,Y,,,,125,58,10,< 4,64,95,11,< 4,71,I/D,26,3.7,-,,
Lilydale High School,,LILYDALE,54,26,6,Y,,,,252,116,9,< 4,45,100,16,< 4,88,I/D,27,2.0,-,,
Little Yarra Steiner School,*,YARRA JUNCTION,13,-,-,,,,,14,-,-,-,23,100,-,-,-,-,29,0.0,-,,
Loreto College,,BALLARAT,52,22,2,Y,,,,239,69,< 4,< 4,72,100,26,< 4,95,I/D,31,6.8,-,,
Loreto Mandeville Hall,,TOORAK,40,11,-,,,,,262,14,-,-,99,100,-,17,93,-,35,26.4,-,,
Lorne P-12 College,*,LORNE,21,5,-,Y,,,,13,24,< 4,-,100,100,< 4,-,96,-,23,3.9,-,,
Lowanna College,,NEWBOROUGH,47,29,6,Y,Y,,,128,135,5,< 4,33,97,25,-,88,I/D,26,2.5,< 4,,
Lowther Hall Anglican GS,,ESSENDON,29,2,2,,,,,124,12,-,< 4,98,100,-,23,100,I/D,34,19.3,-,,
Loyola College,,WATSONIA,59,29,-,Y,,,,294,143,7,-,82,99,30,14,92,-,30,4.7,-,,
Luther College,,CROYDON HILLS,50,27,4,,,,,262,48,< 4,< 4,87,100,-,11,99,I/D,32,10.8,-,,
Lyndale Secondary College,,DANDENONG NORTH,40,20,-,Y,Y,,,144,84,< 4,-,82,97,18,< 4,76,-,26,3.5,< 4,,
Lyndhurst Secondary College,,CRANBOURNE,52,40,2,Y,,,,134,164,12,< 4,46,98,26,-,51,I/D,27,1.5,-,,
MacKillop Catholic Reg College,,WERRIBEE,60,27,4,Y,Y,,,319,193,-,< 4,72,98,36,5,90,I/D,29,4.8,< 4,,
Macleod College,,MACLEOD,44,18,-,Y,,,,115,45,< 4,-,78,97,9,< 4,89,-,28,1.8,-,,
Mac.Robertson Girls' High Schl,,MELBOURNE,49,8,6,,,Y,,566,11,-,5,100,100,-,101,95,100,37,31.1,-,,
Maffra Secondary College,,MAFFRA,23,13,2,Y,,,,57,33,< 4,< 4,49,97,< 4,-,98,I/D,28,1.0,-,,
Mallacoota P-12 College,*,MALLACOOTA,11,2,-,Y,,,,9,7,< 4,-,50,100,< 4,-,75,-,33,18.2,-,,
Manor Lakes P-12 College,,WYNDHAM VALE,59,48,-,Y,Y,,,255,256,9,-,47,92,49,-,59,-,24,3.2,7,,
Mansfield Secondary College,,MANSFIELD,42,26,2,Y,Y,,,105,89,36,< 4,35,100,24,-,90,I/D,29,6.3,-,,
Maranatha Christian School,,ENDEAVOUR HILLS,41,16,-,Y,,,,103,34,-,-,70,100,11,< 4,94,-,31,7.7,-,,
Marcellin College,,BULLEEN,48,18,9,Y,Y,,,302,157,4,5,82,100,21,6,97,100,31,5.1,4,,
Marian College Sunshine,,SUNSHINE WEST,43,24,2,Y,,,,176,111,< 4,< 4,83,98,29,< 4,86,I/D,30,5.3,-,,
Marian College Ararat,,ARARAT,28,16,2,Y,Y,,,90,64,< 4,< 4,71,100,10,-,80,I/D,29,4.3,-,,
Marian College Myrtleford,,MYRTLEFORD,25,11,-,Y,,,,22,12,7,-,71,100,< 4,< 4,100,-,28,7.6,-,,
Maribyrnong Sec College,,MARIBYRNONG,52,21,-,Y,,,,311,41,< 4,-,83,99,14,7,71,-,30,5.8,-,,
Marist - Sion College,,WARRAGUL,52,31,4,Y,,,,217,143,4,5,57,95,18,-,92,100,27,2.1,-,,
Marist College Bendigo,,MAIDEN GULLY,47,18,2,Y,Y,,,181,113,< 4,< 4,64,99,12,< 4,90,I/D,27,2.8,< 4,,
Mary MacKillop Catholic College,,LEONGATHA,41,23,-,Y,,,,130,139,-,-,62,99,16,-,87,-,28,6.5,-,,
Maryborough Education Centre,,MARYBOROUGH,42,33,-,Y,Y,,,126,146,14,-,42,84,18,-,50,-,26,2.1,5,,
Marymede Catholic College,,SOUTH MORANG,49,25,-,Y,,,,222,135,-,-,77,100,20,9,92,-,28,3.3,-,,
Mater Christi College,,BELGRAVE,49,25,4,Y,Y,,,160,112,4,< 4,73,100,14,< 4,98,I/D,31,7.4,< 4,,
Matthew Flinders Girls' SC,,GEELONG,48,21,2,Y,Y,,,92,57,4,< 4,63,95,< 4,< 4,89,I/D,28,4.7,< 4,,
Mazenod College,,MULGRAVE,47,35,2,Y,Y,,,396,329,8,< 4,80,100,39,15,96,I/D,33,13.5,< 4,,
McClelland Secondary College,,FRANKSTON,51,38,2,Y,,,,181,143,18,< 4,41,96,37,< 4,85,I/D,30,3.6,-,,
McKinnon Secondary College,,MCKINNON,69,22,4,Y,Y,,Y,683,47,-,< 4,88,100,18,61,94,I/D,33,17.7,< 4,,
Melba College,,CROYDON,40,25,-,Y,Y,,,95,100,< 4,-,40,95,25,-,57,-,31,11.3,-,,
Melbourne Girls Grammar,,SOUTH YARRA,41,4,-,,,,,248,4,-,-,96,100,-,26,100,-,36,28.7,-,,
Melbourne Girls' College,,RICHMOND,65,16,2,Y,,,,400,29,< 4,< 4,95,100,8,23,89,I/D,32,10.6,-,,
Melbourne Grammar School,,MELBOURNE,38,2,-,,,,,393,< 4,-,-,98,100,-,51,I/D,-,36,28.0,-,,
Melbourne High School,,SOUTH YARRA,46,4,10,,,,,705,4,-,8,96,100,-,80,67,100,36,28.5,-,,
Melbourne Polytechnic,*,PRESTON,7,8,-,Y,,,,10,14,-,-,29,86,6,-,87,-,-,-,-,,
Melbourne Rudolf Steiner Schl,,WARRANWOOD,23,-,-,,,,,52,-,-,-,95,100,-,< 4,-,-,29,5.9,-,,
Melton Christian College,,BROOKFIELD,31,12,2,Y,Y,,,106,53,-,< 4,79,100,11,-,70,I/D,26,0.8,< 4,,
Melton Secondary College,,MELTON,39,30,-,Y,Y,,,203,224,5,-,50,83,34,< 4,58,-,24,1.2,10,,
Mentone Girls' Grammar School,,MENTONE,37,10,6,,,,,134,36,-,< 4,99,100,-,16,96,I/D,36,22.2,-,,
Mentone Girls' Sec College,,MENTONE,57,20,-,Y,,,,251,46,< 4,-,88,100,-,7,92,-,32,12.1,-,,
Mentone Grammar School,,MENTONE,61,24,4,Y,,,,352,38,-,< 4,95,99,16,11,100,I/D,35,21.5,-,,
Merbein P-10 College,*,MERBEIN,2,13,-,,,,,6,36,-,-,-,-,-,-,77,-,-,-,-,,
Mercy College,,COBURG,31,17,-,Y,,,,106,28,-,-,97,89,< 4,-,89,-,29,6.2,-,,
Mercy Regional College,,CAMPERDOWN,29,19,-,Y,,,,85,87,9,-,61,100,11,-,94,-,27,5.0,-,,
Mernda Central P-12 College,,MERNDA,44,39,4,Y,,,,174,129,5,< 4,59,100,17,< 4,94,I/D,28,5.7,-,,
Gilson College,*,MERNDA,15,-,-,,,,,14,-,-,-,100,100,-,-,-,-,26,0.0,-,,
Methodist Ladies College,,KEW,61,20,4,Y,,Y,,394,435,-,< 4,99,100,< 4,26,78,I/D,34,22.5,-,,
Mildura Senior College,,MILDURA,81,45,8,Y,Y,,,708,491,30,7,46,94,48,-,84,100,26,2.8,10,,
Mill Park Secondary College,,EPPING,59,31,-,Y,,,,241,126,4,-,72,96,15,< 4,84,-,26,2.4,-,,
Minaret College,,OFFICER,17,-,-,,,,,123,-,-,-,95,100,-,-,-,-,28,3.7,-,,
Minaret College,,SPRINGVALE,20,-,-,,,,,179,-,-,-,92,100,-,-,-,-,26,4.4,-,,
Mirboo North Sec College,,MIRBOO NORTH,32,29,-,Y,Y,,,75,58,6,-,34,95,18,-,67,-,27,1.9,4,,
Monbulk College,,MONBULK,40,31,2,Y,,,,99,86,14,< 4,57,98,14,-,79,I/D,25,5.1,-,,
Monivae College,,HAMILTON,37,23,-,Y,,,,127,131,22,-,43,97,20,-,99,-,27,1.2,-,,
Monterey Secondary College,,FRANKSTON NORTH,26,22,-,Y,Y,,,81,134,-,-,6,88,18,-,76,-,21,4.5,< 4,,
Montmorency Sec College,,MONTMORENCY,58,36,2,Y,,,,230,123,5,< 4,71,98,23,4,98,I/D,31,7.4,-,,
Mooroolbark College,,MOOROOLBARK,52,38,4,Y,,,,220,154,4,< 4,53,91,27,-,64,I/D,28,2.1,-,,
Mordialloc College,,MORDIALLOC,51,34,-,Y,Y,,,204,111,4,-,77,99,18,< 4,78,-,30,7.0,< 4,,
Mornington Secondary College,,MORNINGTON,65,42,-,Y,,,,245,220,13,-,44,98,39,< 4,69,-,27,4.3,-,,
Mortlake College,,MORTLAKE,21,15,2,Y,,,,27,23,6,< 4,43,93,4,-,75,I/D,30,6.5,-,,
Mount Alexander 7-12 Coll,,FLEMINGTON,41,11,-,Y,,,,119,16,-,-,86,90,8,-,72,-,30,4.8,-,,
Mount Beauty Sec College,,MOUNT BEAUTY,28,12,2,Y,Y,,,38,27,< 4,< 4,16,100,< 4,-,90,I/D,26,0.0,< 4,,
Mount Clear College,,MOUNT CLEAR,48,26,6,Y,Y,,,172,187,-,< 4,48,86,20,< 4,77,I/D,26,1.4,< 4,,
Mount Eliza Sec College,,MOUNT ELIZA,38,29,-,Y,Y,,,110,76,8,-,36,98,14,-,82,-,29,4.9,-,,
Mount Erin College,,FRANKSTON SOUTH,47,35,-,Y,,,,116,93,11,-,36,97,24,< 4,84,-,24,2.9,-,,
Mount Evelyn Christian School,,MOUNT EVELYN,38,23,-,Y,,,,99,67,-,-,38,100,23,-,77,-,29,2.1,-,,
Mount Lilydale Mercy College,,LILYDALE,68,36,9,Y,Y,,,330,231,10,7,74,100,38,< 4,92,100,29,2.7,< 4,,
Mount Ridley P-12 College,,CRAIGIEBURN,42,21,-,Y,,,,350,171,< 4,-,71,99,26,-,86,-,24,1.3,-,,
Mount Rowan Secondary College,,WENDOUREE,32,21,-,Y,,,,48,72,< 4,-,48,88,7,-,80,-,28,1.4,-,,
Mount Scopus Memorial College,,BURWOOD,37,14,2,,,,,248,182,< 4,10,98,100,-,6,96,100,37,30.8,-,,
Mount St Joseph Girls' College,,ALTONA,43,16,-,Y,Y,,,197,58,< 4,-,86,98,8,6,100,-,31,7.1,< 4,,
Mount Waverley Sec College,,MOUNT WAVERLEY,67,32,4,Y,Y,,Y,404,70,< 4,< 4,90,100,8,25,85,I/D,31,7.4,< 4,,
Mountain District Comm College,,BORONIA,7,11,-,Y,,,,29,35,-,-,4,89,21,-,71,-,-,-,-,,
Mt Hira College,,KEYSBOROUGH,19,3,-,,,,,71,39,-,-,69,100,-,< 4,94,-,29,0.0,-,,
Mullauna College,,MITCHAM,42,20,2,Y,,,,135,49,-,< 4,69,95,7,< 4,78,I/D,31,6.9,-,,
Murrayville Community College,*,MURRAYVILLE,15,2,-,Y,,,,12,6,-,-,-,86,< 4,-,62,-,28,0.0,-,,
Murtoa P-12 College,,MURTOA,24,17,2,Y,Y,,,40,62,6,< 4,50,100,8,-,99,I/D,26,0.0,-,,
Myrtleford P-12 College,,MYRTLEFORD,24,12,-,Y,Y,,,36,34,4,-,38,90,4,< 4,100,-,24,3.2,< 4,,
Nagle College,,BAIRNSDALE,45,28,-,Y,,,,152,141,4,-,58,99,17,< 4,82,-,28,3.0,-,,
Narre Warren Sth P-12 College,,NARRE WARREN SOUTH,45,38,-,Y,,,,476,293,5,-,59,92,89,< 4,91,-,27,2.3,-,,
Nathalia Secondary College,,NATHALIA,21,15,-,Y,Y,,,22,37,< 4,-,40,90,< 4,-,75,-,20,2.9,< 4,,
Nazareth College,,NOBLE PARK NORTH,42,25,-,Y,Y,,,129,85,< 4,-,69,100,16,< 4,94,-,28,1.8,< 4,,
Neerim District Sec College,,NEERIM SOUTH,19,17,-,Y,Y,,,33,35,11,-,11,89,< 4,-,97,-,19,0.0,< 4,,
Newcomb Secondary College,,NEWCOMB,37,22,-,Y,Y,,,76,85,6,-,14,88,19,-,69,-,25,1.0,< 4,,
Newhaven College,,RHYLL,32,5,2,,,,,156,33,-,< 4,75,99,-,4,95,I/D,30,5.1,-,,
Nhill College,*,NHILL,23,9,2,Y,,,,18,14,< 4,< 4,62,92,< 4,-,97,I/D,23,0.0,-,,
Noble Park Secondary College,,NOBLE PARK,39,20,-,Y,,,,89,68,-,-,68,100,19,< 4,85,-,25,0.5,-,,
North Geelong Sec College,,NORTH GEELONG,58,37,-,Y,Y,,,230,174,< 4,-,39,99,31,-,73,-,27,1.6,< 4,,
Northcote High School,,NORTHCOTE,76,30,4,Y,,,,485,146,-,< 4,88,99,13,11,90,I/D,30,8.5,-,,
Northern Bay P-12 College,,CORIO,40,32,-,Y,Y,,,93,186,19,-,41,89,18,-,64,-,24,2.2,8,,
Northern College of Arts & Tech,,PRESTON EAST,53,29,-,Y,,,,225,315,-,-,39,98,75,-,92,-,27,2.6,-,,
Northside Christian College,,BUNDOORA,38,20,2,Y,,,,58,38,-,< 4,87,100,4,< 4,86,I/D,30,13.1,-,,
Norwood Secondary College,,RINGWOOD,48,28,-,Y,,,,234,144,-,-,55,97,20,-,83,-,29,5.7,-,,
Nossal High School,,BERWICK,45,3,2,,,,,421,19,-,< 4,100,100,-,45,64,I/D,36,27.6,-,,
Notre Dame College,,SHEPPARTON,62,42,2,Y,,,,358,653,30,< 4,61,99,52,< 4,86,I/D,28,4.1,-,,
Numurkah Secondary College,,NUMURKAH,22,15,-,Y,Y,,,30,31,8,-,44,78,< 4,-,63,-,24,0.0,< 4,,
Nunawading Christian College,,NUNAWADING,18,4,-,,,,,68,19,-,-,97,100,-,< 4,100,-,30,7.4,-,,
Oakleigh Grammar,,OAKLEIGH,25,1,-,,,,,95,< 4,-,-,82,97,-,< 4,I/D,-,31,4.7,-,,
Oakwood School,,CAULFIELD NORTH,20,35,-,,Y,,,23,75,4,-,-,-,-,-,47,-,I/D,I/D,9,,
Oberon High School,,ARMSTRONG CREEK,49,28,-,Y,Y,,,168,87,< 4,-,50,97,12,5,71,-,28,4.0,< 4,,
Officer Secondary College,,OFFICER,61,38,-,Y,Y,,,237,140,5,-,52,94,39,< 4,75,-,28,4.2,4,,
OneSchool Global Vic,,MELTON WEST,16,1,-,,,,,115,101,-,-,2,100,-,< 4,98,-,31,7.6,-,,
Orbost Secondary College,,ORBOST,23,12,-,Y,Y,,,57,52,5,-,62,95,4,-,61,-,25,5.6,-,,
Our Lady of Mercy College,,HEIDELBERG,59,26,4,Y,,,,280,135,-,< 4,93,99,8,10,91,I/D,32,9.6,-,,
Our Lady of Sacred Heart Coll,,BENTLEIGH,50,17,2,Y,Y,,,195,112,< 4,< 4,80,98,9,< 4,97,I/D,32,10.1,< 4,,
Our Lady of Sion College,,BOX HILL,44,18,2,Y,Y,,,218,66,-,< 4,93,100,7,11,96,I/D,32,7.8,-,,
Ouyen P-12 College,*,OUYEN,20,8,2,Y,,,,20,24,< 4,< 4,40,100,< 4,-,95,I/D,29,0.0,-,,
Overnewton Anglican Comm Coll,,KEILOR,57,22,4,Y,,,,221,57,-,< 4,90,99,14,5,90,I/D,31,9.2,-,,
Oxley Christian College,,CHIRNSIDE PARK,29,5,-,,,,,99,5,-,-,89,100,-,< 4,100,-,34,21.9,-,,
Ozford College,,MELBOURNE,10,-,-,,,,,34,-,-,-,38,83,-,-,-,-,20,0.0,-,,
Padua College,,MORNINGTON,77,47,-,Y,Y,,,488,309,16,-,62,99,45,< 4,84,-,29,4.6,5,,
Pakenham Secondary College,,PAKENHAM,32,25,2,Y,Y,,,152,106,12,< 4,73,99,22,-,82,I/D,27,1.2,< 4,,
Parade College,,BUNDOORA,61,21,2,Y,,,,506,365,7,< 4,73,99,63,19,86,I/D,30,4.8,-,,
Parkdale Secondary College,,MORDIALLOC,74,42,4,Y,Y,,,362,222,5,< 4,57,99,22,16,97,I/D,30,5.9,-,,
Parkville College,*,PARKVILLE,5,16,-,Y,Y,,,6,107,-,-,-,100,-,-,65,-,-,-,< 4,,
Pascoe Vale Girls Sec College,,PASCOE VALE,43,22,2,Y,,,,217,80,-,< 4,79,94,34,4,82,I/D,27,1.2,-,,
Patterson River Sec College,,SEAFORD,59,51,-,Y,,,,220,151,22,-,46,98,39,-,96,-,27,2.2,-,,
Peninsula Grammar,,MOUNT ELIZA,38,11,16,,,,,220,48,-,10,83,99,-,5,71,75,33,15.1,-,,
Penleigh & Essendon Grammar,,KEILOR EAST,40,2,-,,,,,415,< 4,-,-,96,100,-,57,I/D,-,34,16.3,-,,
Penola Catholic College,,BROADMEADOWS,54,27,-,Y,Y,,,295,331,6,-,76,99,29,5,77,-,28,3.1,< 4,,
Peter Lalor Secondary College,,LALOR,17,24,-,Y,,,,36,94,5,-,23,86,19,-,52,-,-,-,-,,
Phoenix P-12 Comm Coll,,SEBASTOPOL,45,31,-,Y,Y,,,189,198,7,-,44,98,44,-,93,-,27,1.9,< 4,,
Plenty River College,*,SOUTH MORANG,4,1,-,Y,Y,,,18,29,-,-,-,100,6,-,28,-,-,-,7,,
Plenty Valley Christian College,,DOREEN,41,13,4,,,,,106,44,< 4,< 4,71,97,-,< 4,92,I/D,29,5.1,-,,
Point Cook Senior Sec College,,POINT COOK,50,27,-,Y,Y,,,291,212,-,-,71,99,50,< 4,80,-,28,4.0,< 4,,
Portland Secondary College,,PORTLAND,28,20,-,Y,Y,,,106,101,8,-,46,100,16,-,75,-,24,0.4,6,,
Preston Reservoir ACE,,RESERVOIR,4,2,-,Y,Y,,,54,90,-,-,4,80,20,-,63,-,-,-,17,,
Prahran High School,,WINDSOR,46,22,-,Y,,,,169,48,-,-,80,97,< 4,6,79,-,30,5.3,-,,
Presbyterian Ladies' College,,BURWOOD,34,1,2,,,Y,,286,< 4,-,10,99,100,-,62,I/D,100,36,25.9,-,,
Preshil The Margaret Lyttle MS,*,KEW,6,3,-,Y,,Y,,5,5,-,-,74,100,< 4,-,89,-,-,-,-,,
Preston High School,,PRESTON,56,30,4,Y,,,,196,77,< 4,< 4,94,97,5,6,87,I/D,29,4.7,-,,
Princes Hill Sec College,,PRINCES HILL,54,19,-,Y,,,,182,41,-,-,92,98,4,7,89,-,32,11.0,-,,
Pyramid Hill College,*,PYRAMID HILL,3,8,-,,,,,< 4,8,< 4,-,I/D,I/D,-,-,79,-,I/D,I/D,-,,
Rainbow P-12 College,*,RAINBOW,20,11,-,Y,,,,15,15,4,-,33,100,< 4,-,100,-,24,2.9,-,,
Red Cliffs Secondary College,,RED CLIFFS,29,18,-,,,,,43,60,< 4,-,43,86,-,-,78,-,23,0.0,-,,
Red Rock Christian College,*,SUNBURY,12,-,-,,,,,19,-,-,-,27,100,-,-,-,-,27,0.0,-,,
Reservoir High School,,RESERVOIR,45,23,-,Y,Y,,,150,99,-,-,62,94,13,< 4,90,-,28,3.8,-,,
Richmond High School,,RICHMOND,43,16,-,,,,,178,37,< 4,-,78,94,-,< 4,71,-,28,6.2,-,,
Ringwood Secondary College,,RINGWOOD,81,39,4,Y,,,,352,166,17,< 4,71,99,39,10,92,I/D,30,7.9,-,,
River Nile School,,NORTH MELBOURNE,8,7,-,Y,Y,,,39,90,-,-,40,90,26,-,83,-,-,-,< 4,,
Robinvale College,*,ROBINVALE,16,9,-,Y,Y,,,13,19,-,-,-,100,4,-,84,-,23,0.0,-,,
Rochester Secondary College,,ROCHESTER,35,22,2,Y,,,,55,83,5,< 4,56,100,5,-,75,I/D,27,0.9,-,,
Rosebud Secondary College,,ROSEBUD,38,24,-,Y,Y,,,131,108,< 4,-,41,96,7,-,75,-,27,2.2,< 4,,
Rosehill Secondary College,,NIDDRIE,47,21,6,Y,,,,204,73,4,4,70,99,23,< 4,95,100,29,1.7,-,,
Rowville Secondary College,,ROWVILLE,74,51,2,Y,Y,,,374,361,20,< 4,41,96,83,< 4,86,I/D,25,2.1,< 4,,
Roxburgh College,,ROXBURGH PARK,39,16,-,Y,Y,,,238,421,-,-,60,93,57,-,74,-,23,0.7,15,,
Rushworth P-12 College,*,RUSHWORTH,10,13,-,Y,,,,12,30,-,-,-,40,< 4,-,52,-,-,-,-,,
Rutherglen High School,,RUTHERGLEN,24,9,-,Y,,,,56,51,< 4,-,32,100,9,-,79,-,21,0.0,-,,
Ruyton Girls' School,,KEW,44,10,2,,,,,154,37,-,< 4,100,100,-,27,100,I/D,37,30.2,-,,
Sacre Coeur,,GLEN IRIS,27,5,-,,,,,149,7,-,-,99,100,-,16,100,-,35,24.6,-,,
Sacred Heart College,,YARRAWONGA,29,14,-,Y,Y,,,61,44,< 4,-,61,100,6,-,87,-,27,1.2,-,,
Sacred Heart College Geelong,,NEWTOWN,77,31,8,Y,,,,421,169,7,6,76,100,11,8,90,75,30,7.4,-,,
Sacred Heart College Kyneton,,KYNETON,48,21,-,Y,,,,183,160,9,-,81,100,15,4,81,-,30,3.2,-,,
Sacred Heart Girls' College,,HUGHESDALE,56,18,-,Y,,,,206,50,-,-,94,99,10,9,96,-,32,10.6,-,,
Saint Ignatius College,,DRYSDALE,46,22,4,Y,,,,258,80,6,< 4,73,100,21,< 4,91,I/D,30,7.3,-,,
Sale College,,SALE,36,14,-,Y,Y,,,112,63,5,-,58,98,10,-,97,-,24,0.7,< 4,,
Salesian College,,CHADSTONE,48,22,-,Y,Y,,,234,91,< 4,-,84,100,18,5,86,-,32,11.7,< 4,,
Salesian College Sunbury,,SUNBURY,61,31,8,Y,Y,,,339,197,13,4,58,99,40,< 4,76,75,27,1.2,< 4,,
Sandringham College,,SANDRINGHAM,53,28,-,Y,Y,,,230,86,-,-,69,100,13,4,78,-,31,6.9,< 4,,
Santa Maria College,,NORTHCOTE,45,17,2,Y,Y,,,197,22,-,< 4,90,100,< 4,7,98,I/D,30,8.9,-,,
Scoresby Secondary College,,SCORESBY,30,13,-,Y,Y,,,38,32,< 4,-,48,100,8,-,72,-,28,5.6,< 4,,
Scotch College,,HAWTHORN,47,7,4,,,,,437,12,-,14,99,100,-,87,83,100,34,22.6,-,,
SEDA College,,CAMBERWELL,10,7,-,Y,,,,721,719,< 4,-,12,99,316,-,99,-,-,-,-,,
Seymour College,,SEYMOUR,40,26,-,Y,Y,,,97,103,10,-,38,92,23,< 4,100,-,25,1.7,4,,
Shelford Girls' Grammar,,CAULFIELD NORTH,31,2,-,,,,,62,< 4,-,-,100,100,-,9,I/D,-,34,20.7,-,,
Shepparton ACE Sec College,*,SHEPPARTON,7,11,-,Y,,,,11,42,5,-,-,89,6,-,88,-,-,-,-,,
Shepparton Christian College,,SHEPPARTON,24,8,-,Y,,,,30,17,< 4,-,38,100,< 4,< 4,79,-,28,3.0,-,,
Sherbrooke Community School,*,SASSAFRAS,16,11,-,Y,,,,14,18,-,-,42,92,< 4,-,79,-,26,0.0,-,,
Siena College,,CAMBERWELL,45,13,-,,,,,180,21,< 4,-,95,100,-,9,79,-,35,21.0,-,,
Simonds Catholic College,,WEST MELBOURNE,34,12,-,Y,,,,94,22,-,-,83,98,10,6,80,-,30,6.5,-,,
Sirius College - Eastmeadows,,BROADMEADOWS,23,2,8,,,,,180,21,-,4,96,98,-,< 4,97,100,31,10.7,-,,
Sirius College - Ibrahim Dellal,,SUNSHINE WEST,14,-,-,,,,,88,-,-,-,98,100,-,< 4,-,-,30,7.3,-,,
Sirius College - Keysborough,,KEYSBOROUGH,18,2,-,,,,,88,< 4,-,-,100,100,-,< 4,I/D,-,28,6.9,-,,
Sirius College - Meadow Fair,,BROADMEADOWS,19,1,-,,,,,140,11,-,-,90,100,-,< 4,100,-,29,11.7,-,,
Somerville Secondary College,,SOMERVILLE,39,22,2,Y,,,,59,63,4,< 4,63,100,7,-,64,I/D,28,0.0,-,,
South Oakleigh Sec College,,OAKLEIGH SOUTH,50,27,-,Y,,,,121,64,-,-,63,98,14,< 4,86,-,29,2.0,-,,
South West Institute of TAFE,,WARRNAMBOOL,10,13,-,Y,Y,,,23,39,< 4,-,-,89,16,-,67,-,I/D,I/D,< 4,,
Southern Cross Grammar,,CAROLINE SPRINGS,37,11,2,Y,,,,127,28,-,< 4,86,100,< 4,-,99,I/D,29,4.6,-,,
Springside West Sec College,,FRASER RISE,58,37,-,Y,Y,,,228,116,14,-,75,95,31,< 4,77,-,26,1.8,5,,
St Albans Secondary College,,ST ALBANS,54,26,-,Y,,,,325,215,-,-,80,94,56,19,69,-,31,8.8,-,,
St Aloysius College,,NORTH MELBOURNE,42,15,-,Y,,,,104,46,-,-,97,100,8,5,100,-,31,8.6,-,,
St Andrews Christian College,,WANTIRNA SOUTH,34,11,2,,,,,83,30,-,< 4,96,100,-,< 4,96,I/D,34,20.1,-,,
St Anne's College,,KIALLA,42,25,2,Y,,,,62,43,5,< 4,60,96,10,-,69,I/D,25,0.7,-,,
St Arnaud Secondary College,,ST ARNAUD,15,7,-,Y,Y,,,22,21,-,-,40,80,-,-,68,-,26,0.0,< 4,,
St Augustine's College,,KYABRAM,29,17,-,Y,Y,,,88,40,< 4,-,70,98,7,-,87,-,27,1.5,-,,
St Bede's College,,MENTONE,61,30,-,Y,,,,374,127,10,-,71,99,35,4,79,-,30,6.9,-,,
St Bernard's College,,ESSENDON,58,22,-,Y,Y,,,363,142,5,-,74,99,25,9,95,-,31,8.0,-,,
St Brigid's College,,HORSHAM,27,12,4,Y,Y,,,47,26,< 4,5,69,100,4,-,100,100,27,1.9,-,,
St Catherine's School,,TOORAK,34,5,12,,,,,132,5,-,8,97,100,-,28,70,100,36,30.8,-,,
St Columba's College,,ESSENDON,58,28,-,Y,,,,229,110,< 4,-,91,99,15,12,99,-,31,7.0,-,,
St Francis Catholic College,,MELTON,47,28,-,Y,Y,,,211,246,-,-,72,99,18,-,81,-,29,3.0,4,,
St Francis Xavier College,,BEACONSFIELD,80,40,4,Y,Y,,,600,327,20,< 4,72,99,33,4,80,I/D,27,3.6,9,,
St Helena Secondary College,,ELTHAM,67,33,-,Y,Y,,,372,205,5,-,76,96,21,< 4,71,-,29,5.3,< 4,,
St John's Greek Orth College,,PRESTON,19,7,-,,,,,23,7,-,-,76,100,-,< 4,91,-,27,1.3,-,,
St John's Regional College,,DANDENONG,39,21,-,Y,,,,106,74,< 4,-,85,97,9,< 4,82,-,27,3.0,-,,
St Joseph's College,,ECHUCA,45,19,-,Y,Y,,,197,202,-,-,65,95,5,-,86,-,28,1.0,< 4,,
St Joseph's College,,FERNTREE GULLY,45,23,2,Y,,,,237,251,< 4,< 4,62,100,42,4,83,I/D,32,8.8,-,,
St Joseph's College,,MILDURA,50,21,-,Y,Y,,,129,75,7,-,63,99,10,< 4,86,-,26,2.9,< 4,,
St Joseph's College,,NEWTOWN,65,37,2,Y,Y,,,465,259,30,< 4,54,100,31,< 4,97,I/D,30,5.8,< 4,,
St Kevin's College,,TOORAK,40,11,4,,,,,379,21,-,< 4,97,100,-,31,100,I/D,35,23.7,-,,
St Leonard's College,,BRIGHTON EAST,45,11,2,,,Y,,241,24,-,< 4,96,100,-,8,96,I/D,34,15.6,-,,
St Margaret's School,,BERWICK,34,3,-,,,,,82,5,-,-,93,97,-,< 4,97,-,33,12.8,-,,
St Mary MacKillop College,,SWAN HILL,30,14,-,Y,Y,,,93,110,8,-,69,100,8,-,93,-,29,5.0,7,,
St Mary of the Angels School,,NATHALIA,51,34,-,Y,Y,,,145,73,20,-,62,99,22,-,72,-,26,2.1,-,,
St Mary's College,*,SEYMOUR,7,17,-,,,,,17,48,< 4,-,-,-,-,-,70,-,36,37.5,-,,
St Mary's College Melbourne,,ST KILDA EAST,52,21,-,Y,,,,115,35,4,-,68,97,12,< 4,87,-,28,3.3,-,,
St Mary's Coptic Orth College,,COOLAROO,23,3,-,,,,,87,20,-,-,93,100,-,-,91,-,29,12.8,-,,
St Michael's Grammar School,,ST KILDA,48,13,-,,,,Y,218,19,-,-,93,100,-,10,92,-,33,13.1,-,,
St Monica's College,,EPPING,66,33,2,Y,Y,,,439,390,< 4,< 4,76,100,47,8,89,I/D,29,3.8,< 4,,
St Patrick's College,,BALLARAT,45,18,-,Y,,,,276,165,11,-,64,98,18,< 4,97,-,28,5.3,-,,
St Paul's Anglican Grammar Schl,,WARRAGUL,37,13,-,,,,,147,52,< 4,-,80,100,-,6,96,-,30,6.7,-,,
St Peter's College,,CRANBOURNE,67,32,8,Y,Y,,,421,256,11,5,75,98,31,< 4,70,88,26,2.3,< 4,,
St Thomas Aquinas College,*,TYNONG,16,4,-,,,,,18,5,-,-,55,100,-,< 4,88,-,26,0.0,-,,
Star of the Sea College,,BRIGHTON,60,22,-,Y,,,,319,67,-,-,96,100,12,6,89,-,34,18.8,-,,
Staughton College,,MELTON SOUTH,37,30,-,Y,Y,,,174,183,-,-,53,95,45,-,67,-,25,1.5,< 4,,
Stawell Secondary College,,STAWELL,22,20,-,Y,,,,53,68,9,-,23,91,14,-,57,-,23,2.4,-,,
Strathcona Baptist Girls GS,,CANTERBURY,42,16,2,,,,,183,29,-,< 4,98,100,-,21,91,I/D,34,19.9,-,,
Strathmore Secondary College,,STRATHMORE,64,19,2,Y,,,,446,74,12,< 4,80,99,10,13,33,I/D,30,5.9,-,,
Sunbury College,,SUNBURY,45,25,3,Y,,,,221,185,< 4,< 4,45,100,47,-,83,I/D,27,1.3,-,,
Sunbury Downs Sec College,,SUNBURY,26,17,-,Y,Y,,,91,75,< 4,-,61,96,12,-,83,-,28,3.9,-,,
Sunraysia Institute of TAFE,*,MILDURA,10,13,-,Y,Y,,,12,27,-,-,-,50,< 4,-,68,-,-,-,< 4,,
Sunshine College,,SUNSHINE WEST,44,17,-,Y,Y,,,272,112,-,-,75,98,32,< 4,89,-,26,1.5,4,,
Surf Coast Sec College,,TORQUAY,56,40,8,Y,,,,221,229,26,4,43,99,58,< 4,81,100,28,4.1,-,,
Suzanne Cory High School,,WERRIBEE,36,-,8,,,Y,,451,-,-,5,100,100,-,38,-,100,34,19.0,-,,
Swan Hill College,,SWAN HILL,38,23,-,Y,Y,,,144,189,11,-,65,99,11,< 4,82,-,26,1.8,5,,
Swifts Creek P-12 School,*,SWIFTS CREEK,14,8,-,Y,Y,,,11,13,4,-,33,100,< 4,-,88,-,29,7.1,4,,
Swinburne Senior Sec College,,HAWTHORN,61,26,2,Y,,,,247,76,-,< 4,65,96,13,< 4,75,I/D,28,3.7,-,,
Swinburne Uni of Tech - TAFE,,CROYDON,10,17,-,Y,,,,27,42,-,-,9,45,5,-,65,-,-,-,-,,
Sydney Road Community School,*,BRUNSWICK,16,7,-,Y,Y,,,17,13,< 4,-,25,92,6,-,61,-,22,0.0,-,,
TAFE Gippsland,,SALE,21,17,-,Y,,,,51,44,-,-,14,79,12,-,63,-,21,0.0,-,,
Tallangatta Secondary College,,TALLANGATTA,25,21,-,Y,,,,43,62,8,-,24,100,13,-,100,-,27,0.0,-,,
Tarneit Senior College,,TARNEIT,59,34,-,Y,Y,,,426,212,9,-,67,98,53,< 4,44,-,23,0.7,6,,
Taylors Lakes Sec College,,TAYLORS LAKES,54,30,4,Y,Y,,,281,179,4,< 4,80,99,40,< 4,84,I/D,29,4.4,-,,
Templestowe College,,TEMPLESTOWE LOWER,76,42,6,Y,Y,,,351,174,5,< 4,50,98,40,< 4,90,I/D,28,7.0,-,,
Terang College Sec Campus,,TERANG,20,13,-,Y,Y,,,26,15,< 4,-,39,100,4,-,96,-,26,6.5,< 4,,
The Bendigo Kangan Institute,,BROADMEADOWS,7,16,-,Y,Y,,,63,149,-,-,7,65,37,-,60,-,-,-,< 4,,
The David Scott School,,FRANKSTON,8,14,-,Y,Y,,,50,84,35,-,4,67,18,-,65,-,-,-,18,,
The Geelong College,,NEWTOWN,47,15,-,,,,,266,36,-,-,88,100,-,8,100,-,33,14.5,-,,
The Grange P-12 College,,HOPPERS CROSSING,40,28,-,Y,Y,,,215,139,7,-,55,95,38,-,84,-,25,3.2,4,,
The Hamilton & Alexandra Coll,,HAMILTON,29,11,2,,,,,125,42,9,< 4,79,100,-,< 4,99,I/D,30,3.7,-,,
The King David School,,ARMADALE,38,13,-,,,,,110,92,-,-,95,100,-,< 4,90,-,34,18.3,-,,
The Knox School,,WANTIRNA SOUTH,31,4,2,,,,,93,6,-,< 4,92,100,-,7,100,I/D,33,7.4,-,,
The Lakes South Morang College,,SOUTH MORANG,25,19,-,Y,,,,46,52,-,-,38,100,< 4,-,70,-,30,2.7,-,,
Thomas Carr College,,TARNEIT,51,19,8,Y,,,,214,53,-,4,86,100,12,10,84,75,26,2.0,-,,
Thomastown Secondary College,,THOMASTOWN,25,8,-,,,,,83,13,-,-,64,89,-,< 4,78,-,24,1.4,-,,
Thornbury High School,,THORNBURY,52,24,10,Y,,,,258,111,5,5,82,93,13,6,79,100,30,6.0,-,,
Timboon P-12 School,,TIMBOON,26,16,-,Y,,,,34,51,5,-,53,93,< 4,-,99,-,24,1.6,-,,
Tintern Grammar,,RINGWOOD EAST,38,8,4,,,,,150,29,< 4,< 4,92,99,-,10,93,I/D,34,17.3,-,,
Toorak College,,MOUNT ELIZA,37,2,2,,,,,161,6,-,< 4,100,100,-,14,100,I/D,34,14.8,-,,
Trafalgar High School,,TRAFALGAR,39,27,2,Y,Y,,,183,79,-,< 4,53,99,15,-,91,I/D,27,5.9,< 4,,
Traralgon College,,TRARALGON,38,25,-,Y,,,,150,106,< 4,-,35,98,21,-,81,-,25,0.9,-,,
Trinity College Colac,,COLAC,49,22,-,Y,Y,,,170,101,19,-,57,99,17,< 4,91,-,28,1.3,< 4,,
Trinity Grammar School,,KEW,46,8,8,Y,,,,298,55,-,20,97,100,< 4,38,100,100,36,26.3,-,,
Tyrrell College,*,SEA LAKE,17,8,-,Y,Y,,,20,28,< 4,-,63,75,< 4,-,83,-,28,3.3,-,,
University High School,,PARKVILLE,72,26,12,Y,,,,583,62,-,8,88,97,7,48,54,92,31,9.0,-,,
Upper Yarra Secondary College,,YARRA JUNCTION,42,30,2,Y,,,,143,111,< 4,< 4,64,94,15,-,80,I/D,27,2.1,-,,
Upwey High School,,UPWEY,61,31,4,Y,,,,178,95,10,5,52,92,11,< 4,71,100,27,1.5,-,,
Vermont Secondary College,,VERMONT,70,38,6,Y,Y,,,398,89,6,< 4,78,100,12,21,67,I/D,32,9.8,-,,
Victoria University Polytechnic,*,FOOTSCRAY,8,1,-,Y,,,,6,4,-,-,-,100,< 4,-,24,-,-,-,-,,
Victoria University SC,,CAIRNLEA,49,29,2,Y,,,,178,169,4,< 4,65,100,47,5,92,I/D,29,6.8,-,,
Victorian College of the Arts,,SOUTHBANK,27,3,-,,,,,178,39,-,-,68,100,-,< 4,100,-,33,15.2,-,,
Victory Christian College,,STRATHDALE,48,19,-,,,,,101,67,14,-,63,100,-,-,59,-,29,7.3,-,,
Victory Lutheran College,,WEST WODONGA,45,14,2,Y,,,,121,78,< 4,< 4,49,100,4,-,82,I/D,28,1.8,-,,
Viewbank College,,VIEWBANK,66,29,2,Y,,,,338,114,-,< 4,80,98,10,9,86,I/D,31,7.0,-,,
Village High School,*,WONTHAGGI,17,6,-,Y,,,,10,12,< 4,-,25,100,6,-,100,-,I/D,I/D,-,,
Virtual School Victoria,,THORNBURY,85,39,8,Y,Y,,,565,113,-,4,34,90,-,-,82,88,27,3.3,-,,
Wallan Secondary College,,WALLAN,55,37,-,Y,,,,116,115,11,-,34,93,14,-,66,-,22,0.0,-,,
Wangaratta High School,,WANGARATTA,39,24,4,Y,,,,86,85,10,< 4,55,89,< 4,-,68,I/D,26,1.9,-,,
Wantirna College,,WANTIRNA,81,43,4,Y,,,,296,181,15,< 4,65,100,40,< 4,78,I/D,29,3.6,-,,
Warracknabeal Sec College,,WARRACKNABEAL,26,16,-,Y,Y,,,34,38,-,-,59,94,-,-,94,-,29,6.9,< 4,,
Warragul Regional College,,WARRAGUL,45,34,-,Y,Y,,,128,106,8,-,23,97,19,-,99,-,24,0.0,< 4,,
Warrandyte High School,,WARRANDYTE,34,24,-,Y,,,,58,57,< 4,-,53,100,5,-,81,-,26,0.8,-,,
Warrnambool College,,WARRNAMBOOL,49,32,4,Y,Y,,,187,222,20,< 4,47,95,25,< 4,92,I/D,26,1.5,< 4,,
Waverley Christian College,,WANTIRNA SOUTH,45,19,-,Y,,,,212,52,< 4,-,93,100,4,18,97,-,34,18.5,-,,
Waverley Christian College,,NARRE WARREN SOUTH,33,10,-,,Y,,,142,38,-,-,92,100,< 4,11,100,-,31,4.5,< 4,,
Wedderburn College,,WEDDERBURN,19,11,-,Y,Y,,,21,29,-,-,50,100,< 4,-,72,-,20,0.0,-,,
Wellington Secondary College,,MULGRAVE,59,31,4,Y,Y,,,372,77,-,< 4,79,99,29,14,95,I/D,29,4.7,-,,
Werribee Secondary College,,WERRIBEE,65,31,4,Y,,Y,,306,155,-,< 4,83,95,17,10,73,I/D,28,5.2,-,,
Werrimull P-12 College,*,WERRIMULL,1,5,-,,,,,< 4,6,-,-,I/D,I/D,-,-,70,-,I/D,I/D,-,,
Wesley College,,MELBOURNE,34,5,-,,,Y,,178,16,-,-,99,100,-,9,95,-,32,8.9,-,,
Wesley College,,GLEN WAVERLEY,41,11,2,,,Y,,131,16,-,< 4,96,100,-,5,81,I/D,31,7.6,-,,
Westall Secondary College,,CLAYTON SOUTH,46,25,2,Y,,,,168,87,8,< 4,59,96,28,< 4,64,I/D,24,3.0,-,,
Westbourne Grammar School,,TRUGANINA,37,2,4,,,,,221,< 4,-,< 4,93,100,-,22,I/D,I/D,33,15.0,-,,
Western Heights Sec College,,HAMLYN HEIGHTS,45,28,6,Y,Y,,,165,160,9,< 4,40,100,17,< 4,54,I/D,22,0.6,5,,
Western Port Sec College,,HASTINGS,34,33,-,Y,Y,,,94,159,9,-,47,95,16,-,57,-,25,1.9,-,,
Wheelers Hill Sec College,,WHEELERS HILL,45,21,2,Y,,,,128,66,< 4,< 4,57,98,23,< 4,75,I/D,27,4.9,-,,
Whitefriars College,,DONVALE,50,15,4,Y,,,,238,89,-,< 4,80,99,12,< 4,95,I/D,30,7.0,-,,
Whittlesea Secondary College,,WHITTLESEA,41,34,-,Y,,,,94,104,9,-,75,97,12,-,99,-,24,1.7,-,,
William Ruthven Sec College,,RESERVOIR,34,22,2,Y,,,,68,57,< 4,< 4,68,97,11,-,71,I/D,25,2.9,-,,
Williamstown High School,,WILLIAMSTOWN,68,26,6,Y,Y,,,400,122,8,< 4,77,99,33,8,67,I/D,31,10.3,-,,
Wodonga Senior Sec College,,WODONGA,73,46,4,Y,Y,,,527,825,14,< 4,23,86,30,4,67,I/D,22,0.2,10,,
Woodleigh School,,LANGWARRIN SOUTH,39,15,2,,,,,132,23,-,< 4,84,98,-,< 4,95,I/D,31,6.5,-,,
Woodmans Hill Secondary College,,BALLARAT EAST,31,26,4,Y,Y,,,70,83,5,< 4,46,91,16,-,67,I/D,27,5.3,-,,
Wycheproof P-12 College,,WYCHEPROOF,26,11,-,Y,,,,26,17,< 4,-,50,100,< 4,-,83,-,30,2.6,-,,
Wyndham Central Sec Coll,,WERRIBEE,42,24,-,Y,,,,182,73,< 4,-,65,90,23,< 4,84,-,25,1.3,-,,
Xavier College,,KEW,55,13,8,,,,,374,41,-,5,98,100,-,42,99,100,34,14.9,-,,
Yarra Hills Sec Coll Mooroolbark,,MOOROOLBARK,55,42,-,Y,,,,129,103,26,-,44,89,29,-,70,-,24,0.0,-,,
Yarra Hills Sec Coll Mt Evelyn,*,MOUNT EVELYN,14,20,-,Y,,,,14,27,11,-,-,89,8,-,67,-,-,-,-,,
Yarra Valley Grammar School,,RINGWOOD,52,8,4,,,,,347,10,-,< 4,93,100,-,28,100,I/D,35,21.0,-,,
Yarram Secondary College,,YARRAM,27,20,-,Y,Y,,,62,62,8,-,37,87,5,-,91,-,25,1.4,-,,
Yarrawonga College P-12,,YARRAWONGA,33,21,2,Y,,,,75,71,7,< 4,55,100,14,-,89,I/D,28,1.3,-,,
Yea High School,,YEA,31,19,-,Y,Y,,,60,43,4,-,43,86,5,-,80,-,25,0.0,< 4,,
Yeshivah College,,ST KILDA EAST,13,1,-,,,,,56,52,-,-,95,100,-,-,70,-,37,25.3,-,,
Yesodei HaTorah College,*,ORMOND,13,2,-,,,,,16,24,-,-,63,100,-,< 4,89,-,28,7.9,-,,
Youth2Industry College,,SOUTH MELBOURNE,10,18,-,Y,Y,,,26,63,-,-,26,89,17,-,65,-,-,-,7,,
,,,,,,,,,,,,,,,,,,,,,,,,
,,,,,,,,,,,,,,,,,,,,,,,,
,,,,,,,,,,,,,,,,,,,,,,,,
,,,,,,,,,,,,,,,,,,,,,,,,
,,,,,,,,,,,,,,,,,,,,,,,,
,,,,,,,,,,,,,,,,,,,,,,,,
,,,,,,,,,,,,,,,,,,,,,,,,
,,,,,,,,,,,,,,,,,,,,,,,,
,,,,,,,,,,,,,,,,,,,,,,,,
,,,,,,,,,,,,,,,,,,,,,,,,
,,,,,,,,,,,,,,,,,,,,,,,,
,,,,,,,,,,,,,,,,,,,,,,,,
,,,,,,,,,,,,,,,,,,,,,,,,